product_category_name,department
agro_industria_e_comercio,"Tools, Garden & Auto"
alimentos,"Food, Drink & Pets"
alimentos_bebidas,"Food, Drink & Pets"
artes,"Toys, Baby & Gifts"
artes_e_artesanato,"Toys, Baby & Gifts"
artigos_de_festas,"Toys, Baby & Gifts"
artigos_de_natal,"Toys, Baby & Gifts"
audio,Electronics
automotivo,"Tools, Garden & Auto"
bebes,"Toys, Baby & Gifts"
bebidas,"Food, Drink & Pets"
beleza_saude,Health & Beauty
brinquedos,"Toys, Baby & Gifts"
cama_mesa_banho,Home & Furniture
casa_conforto,Home & Furniture
casa_conforto_2,Home & Furniture
casa_construcao,"Tools, Garden & Auto"
cds_dvds_musicais,"Books, Media & Stationery"
cine_foto,Electronics
climatizacao,Kitchen & Appliances
consoles_games,Electronics
construcao_ferramentas_construcao,"Tools, Garden & Auto"
construcao_ferramentas_ferramentas,"Tools, Garden & Auto"
construcao_ferramentas_iluminacao,"Tools, Garden & Auto"
construcao_ferramentas_jardim,"Tools, Garden & Auto"
construcao_ferramentas_seguranca,"Tools, Garden & Auto"
cool_stuff,"Toys, Baby & Gifts"
dvds_blu_ray,"Books, Media & Stationery"
eletrodomesticos,Kitchen & Appliances
eletrodomesticos_2,Kitchen & Appliances
eletronicos,Electronics
eletroportateis,Kitchen & Appliances
esporte_lazer,Sports & Fashion
fashion_bolsas_e_acessorios,Sports & Fashion
fashion_calcados,Sports & Fashion
fashion_esporte,Sports & Fashion
fashion_roupa_feminina,Sports & Fashion
fashion_roupa_infanto_juvenil,Sports & Fashion
fashion_roupa_masculina,Sports & Fashion
fashion_underwear_e_moda_praia,Sports & Fashion
ferramentas_jardim,"Tools, Garden & Auto"
flores,"Toys, Baby & Gifts"
fraldas_higiene,Health & Beauty
industria_comercio_e_negocios,"Tools, Garden & Auto"
informatica_acessorios,Electronics
instrumentos_musicais,"Books, Media & Stationery"
la_cuisine,Kitchen & Appliances
livros_importados,"Books, Media & Stationery"
livros_interesse_geral,"Books, Media & Stationery"
livros_tecnicos,"Books, Media & Stationery"
malas_acessorios,Sports & Fashion
market_place,Other
moveis_colchao_e_estofado,Home & Furniture
moveis_cozinha_area_de_servico_jantar_e_jardim,Home & Furniture
moveis_decoracao,Home & Furniture
moveis_escritorio,Home & Furniture
moveis_quarto,Home & Furniture
moveis_sala,Home & Furniture
musica,"Books, Media & Stationery"
papelaria,"Books, Media & Stationery"
pc_gamer,Electronics
pcs,Electronics
perfumaria,Health & Beauty
pet_shop,"Food, Drink & Pets"
portateis_casa_forno_e_cafe,Kitchen & Appliances
portateis_cozinha_e_preparadores_de_alimentos,Kitchen & Appliances
relogios_presentes,Sports & Fashion
seguros_e_servicos,"Tools, Garden & Auto"
sinalizacao_e_seguranca,"Tools, Garden & Auto"
tablets_impressao_imagem,Electronics
telefonia,Electronics
telefonia_fixa,Electronics
utilidades_domesticas,Kitchen & Appliances
